sport,name
8,Daniel Bebee
8,Zachary Berg
8,Emile Boies
8,Jake Campbell
8,Hector Carreon-Herrera
8,Spencer Davidson
8,Trip Davis
8,Zachary Davis
8,Mikey Felton
8,Jaymin Fitak
8,Cade Flaherty
8,Andrew Hansen
8,Elliott Herrmann
8,Avery Holle
8,Connor Holle
8,Dylan Hupfer
8,Jenner Kehe
8,Zane Knox
8,Brady Kreutzer
8,Cade Lott
8,Colter Maldonado
8,Spencer Maley
8,Parker Martin
8,Bradyn McClure
8,Dustin Menard
8,Steven Mesa
8,Justin Nace
8,Joel Nieves
8,Jose Olivas
8,Joey Olson
8,Nate Pitts
8,Jalen Reece
8,Jason Robertson
8,Samuel Sanchez
8,Ed Scott
8,Jacob Shope
8,Ridge Stephens
8,Luuk Ter Beek
8,Isaiah Ural
8,Garrett Wellbrock
8,Nate Whitehill
8,Traelon Yarbrough
8,Trey DeGarmo
1,Trey DeGarmo
1,Kaleb Pillow
8,Kaleb Pillow
11,Traejon Davis
11,Iyen Enaruna
11,Kyle Grill
11,Kaleb Hammeke
11,Lucas Hammeke
11,Geoff Hamperian
11,Nathan Hawk
11,Haggan Hilgendorf
11,Jaheim Holden
11,Bjarni Jonsson
11,Elijah Nnanabu
11,Gilbert Peters
11,Gabriel Pieschl
11,Devin Walker
12,Whitney Brown
12,Mallory Cowman
12,Kate Dilsaver
12,Clary Donica
12,Megan Earney
12,Sydney Golladay
12,Olivia Hollenbeck
12,Sasha Koenig
12,Brooke Loewe
12,Emma Ruddle
12,Jessie Sallach
12,Ellie Stearns
12,Katie Wagner
12,Kia Wilson
1,Reed Adelhardt
1,Jerome Afe
1,Emanuel Aguilar
1,Ryan Allen
1,David Arteaga
1,Iden Baalman
1,Mason Baalmann
1,Jaden Barker
1,Tahjion Battle
1,Logan Bolinger
1,Octavious Bouie
1,Sam Brandt
1,Hunter Brown
1,Jaqualen Brown
1,Stephen Brown
1,Kylyn Bryant
1,Hunter Budke
1,Max Bullinger
1,Willie Bullock
1,Milford Carter
1,Colin Christman-Gourley
1,Raphael Cooney
1,Ty Cooper
1,Aaron Corbin
1,Amedeo Cordola
1,Cale Cormaney
1,Jason Costa
1,Diante Crutchfield
1,Marcellus Crutchfield
1,Tyler Cummings
1,Leyton Cure
1,Porter Dannevik
1,Blake Davis
1,Jack Dawson
1,Sebastian De La Espriella
1,Kayson Dietz
1,vincent dubose
1,Cade Evans
1,Ethan Forrester
1,Chance Fuller
1,Colt Fuller
1,Jared Givens
1,Evan Gonzales-Darville
1,Evan Hardin
1,Braxton Harrison
1,Gaven Haselhorst
1,Caleb Heavner
1,Logan Heigele
1,Layke Heimerman
1,Theodore Hessing
1,Jack Hileman
1,Trey Hines
1,Bryce Howard
1,Daniel Howard
1,Devin Howland
1,Michael Huber
1,Jeremiah Jackson-Trotter
1,Parker Janky
1,jason jeune
1,justin jeune
1,John Johnson
1,Kofi Karikari
1,Pat Kelly
1,Brandon Kerr
1,Gunner Kerr
1,Jacob Kirchnoff
1,Alden Knedler
1,Jaxon Kolzow
1,Collyn Kreutzer
1,Carson Little
1,Eduardo Lopez
1,peter lubin
1,Juan Angel Luna
1,jacob mattice
1,Kade Melvin
1,Myles Menges
1,Dalton Miller
1,Keyan Miller
1,Trevion Mitchell
1,Roy Moroni
1,Mason Murray
1,Joshua Okechukwu
1,Phillip Paris
1,Javan Patrick
1,Mason Perez
1,Michael Polley
1,Silko Price
1,Shane Provost
1,Manny Ramsey
1,Tiernan Reed-Cox
1,Peyton Reyes
1,Clay Robinson
1,Davontai Robinson
1,Dylan Rock
1,Kobe Rome
1,Jermaine Roney
1,Gavin Rose
1,Jonah Ruder
1,Kleyton Schreiber
1,Alex Schremmer
1,Matthew Segovia
1,Kyler Semrad
1,Riley Setlik
1,Josh Shaw
1,David Sjoberg
1,Ted Skalsky
1,Jonah Smith
1,Ethan Sossen
1,Adrian Soto
1,Gavin Sproul
1,Calvin Stapp
1,Trey Strnad
1,Kristopher Stroughter
1,Colby Stull
1,Taegan Sumner
1,Dionandre Sylvester Jr.
1,Parrish Terry
1,Senituli Teuhema
1,JaQuan Tillis
1,Hunter Trail
1,Hagen Tucker
1,keiyon turner
1,Isiah Tyson
1,Brennan Vagher
1,Bonner Van Bruggen
1,jason wallace
1,Shane Watts
1,Trevor Watts
1,Ryley Wheat
1,Devin White
1,William White
1,Makel Williams
1,Jakolbi Wilson
1,Hayden Wiltfong
1,Judson Wiltfong
1,Kamren Xaysongkham
10,Antonio Cooper
1,Antonio Cooper
9,Cordel Heuring
1,Cordel Heuring
5,Tanner Copeland
5,Bryce Cowan
5,Jacob George
5,Caleb Humble
5,Parker Krob
5,Maddux Mills
5,Dustin Nichols
5,August Nilsson
5,Jackson Rader
6,Morgan Brasser
6,Shauna Lee
6,Ella McKee
6,Hannah Nimmo
6,Aliyah North
6,Lexie Ridder
6,Kerrigan Rudolph
3,Blake Arndt
3,Jose Avendano
3,Jose Ayala
3,Francisco Azzaro
3,Theo Bennetts
3,Harrison Bensouda
3,Kieran Brown
3,Benjamin Dixon
3,Ethan Doud
3,Jackson Elgas
3,Callum Frogson
3,Eduardo Grados
3,Eleuterio Gutierrez
3,Michael Idowu
3,Haruya Iwasaki
3,Inigo JimenezGarcia
3,Odhran Lawlor
3,Tyler Lockhart
3,Brandon Mejia
3,Lucas Petropoulos
3,Christopher RiosCruz
3,Christian Sanchez
3,Gustavo Sandoval
3,Anders Sandsto
3,Jae Ho Shin
3,David Silva
3,Trenton Smith
3,D'Alessandro Sosa
3,Sean Thomson
3,Tadhg Walsh
4,Britney Arneson
4,Jordyn Bredenberg
4,Gracen Chaney
4,Montserrat Diaz Valerin
4,Skylar Forrest
4,Jersey Garoutte
4,Grace Grundhofer
4,Tatum Hoge
4,Emily Hutchings
4,Alexis Hutton
4,Sullivan Kelly
4,Lauren Labertew
4,Molly Lancaster
4,Delayney Lunsway
4,Reilly Madden
4,Hannah Mares
4,Ryan McCabe
4,Maddison Meehan
4,Ariella Mesa
4,Jadyn Newell
4,Katie Puchino
4,Shelbie Purdom
4,Emily Reitz
4,Isabel Robben
4,Carly Walker
4,Megan Wiman
13,Loren Beggs
13,Kiana Blake
13,Adysen Burghart
13,Bailey Carlson
13,Reese Curry
13,Regan Curry
13,Alondra Dominguez
13,Savanah Egger
13,Erika Flynn
13,Sydnee Hoffman
13,Emily Jordan
13,Lindsey Kelly
13,Aubrey Martinez
13,Alexis Mohr
13,Emma Montoya
13,Madison Pierce
13,Lilliana Ramirez-Johnson
13,Morgan Schmidt
13,Peyton Shepard
13,Carly Stuke
13,Sarah Tiffany
2,Caiya Stucky
13,Caiya Stucky
14,Rossa AlfonsoMelgarejo
14,Kylie Aufdengarten
14,Maria Paz Diaz Florentin
14,Gracen Friess
14,Nicole HeynAcosta
14,Heidi Lubbers
14,Hope Lubbers
14,Fiorella Mendez Acevedo
14,Stefany Stemmer
14,Grace Unruh
10,Hayden Albright
10,Daniel Bechle
10,Max Bowyer
10,Grant Bradley
10,Gavin Brady
10,Trevyne Brown
10,Ashton Burrows
10,Garron Champoux
10,Nolan Churchman
10,Lucas Cisneros
10,Jacob Clark
10,Javyn Contreras
10,Taivian Creamer
10,Lucorien DeBoest
10,Brady Deges
10,Cole Diffenbaugh
10,Ethan Emmons
10,Erick Estrada
10,Ethan Fisher
10,Kenneth Fritsch
10,Edwin Garcia
10,Francisco Garcia
10,Jama Gleue
10,Luke Hampl
10,Blake Harnden
10,Carter Jones
10,Philip Landrum
10,Ethan Lang
10,Cason Liebst
10,Aaron Mangan
10,Kurtis McCormick
10,Trever Medina
10,Noah Morenz
10,Kolgan Ohl
10,Kasen Ostmeyer
10,Jaret Pfizenmaier
10,Isaac Radke
10,Jonah Remsberg
10,Dylan Richards
10,Corbin Ricke
10,Xavier Robinson
10,Ethan Salmans
10,Brayden Schomaker
10,Matthew Schrag
10,Ryan Stanley
10,Tyler Stindt
10,William Tice
10,Dylan Van Laeys
10,Toby Wahlmeier
10,Andrew Waller
10,Dayton Williams
10,Malcolm Wiltshire
10,Kaden Wren
10,Annabeth Baalmann
10,Addie Berens
10,Elka Billings
10,Ursula Billings
10,Liberty Booker
10,Kinley Brown
10,Rhyann Brown
10,Kieran Burke
10,Kendra Clary
10,Allison Cross
10,Anndee Davidson
10,Patrisha Doll
10,Jasey Downing
10,Ellen Dusselier
10,Elizabeth Fender
10,Rylee Gleason
10,Ashlyn Harbaugh
10,Alexandra Hart
10,Regan Hodsden
10,Lyric Holman
10,Darian Hudgeons
10,Halle Johnson
10,Marina Johnson
10,Gretchen Kuffel
10,Elysia Kunkler
10,Kaitlin Lindstrom
10,Taylor Linn
10,Faith Little
10,Hattie Lukert
10,Reba Mader
10,Brooke Navarro
10,Mya Navarro
10,Tori Poe
10,Alexus Rigg
10,Mattie Rossi
10,Emma Rudman
10,Kylin Rudzik
10,Emily Salmans
10,Taylor Savolt
10,Maleigha Schmidt
10,Kennedy Spaeth
10,Chloe Stanley
10,Laurel Streit
10,Jaycee Vath
10,Hannah Wiebe
10,Hadley Williams
2,Jessica Saunders
10,Jessica Saunders
2,Abby Babcock
2,Lily Boughfman
2,Morgan Christiansen
2,Mataya Clark
2,Jaden Daffer
2,Emily Ellis
2,Mykah Eshbaugh
2,Kirsten Evans
2,Jaida Felix
2,Elysia Glowacz
2,Taylor Hawkins
2,Brooke Hyland
2,Claire Olson
2,Delanie Patterson
2,Gracie Rains
2,Tallon Rentschler
2,Riley Tinder
2,Mya Vandrovec
9,Blaisen Bammes
9,Juan Barrientes
9,Drew Bell
9,Drew Burgoon
9,Antonio Caldwell
9,Marcell Dely
9,Rhett Edmonson
9,Hunter Harris
9,Tereus Henry
9,Clint Herrick
9,Cody Hicks
9,Kevin Honas
9,Justus Hulse
9,Aidan Johnson
9,Rhett Koppes
9,Cody Lambert
9,Cade Lindsey
9,Cason Lindsey
9,Jackson Medina
9,Jacob Mitchell
9,Ryan Patterson
9,Matthew Rodriguez
9,Blaise Ronnau
9,Hunter Schroeder
9,Blayze Standley
9,Ryan Tiers
9,Mason Turner
9,Juan Urbina
9,Tom VanValkenburg
9,Devon Weber
9,Bryce Westmoreland
9,Corbin White
9,Mason Woodward
